"氏名","ふりがな","氏名ふりがな"
"田中（香）","たなか（かおり）","田中（香）（たなか（かおり））"
"松丸","まつまる","松丸（まつまる）"
"関川","せきがわ","関川（せきがわ）"
"海津","かいづ","海津（かいづ）"
"白石","しろいし","白石（しろいし）"
"のぐち","のぐち","のぐち（のぐち）"
"山本","やまもと","山本（やまもと）"
"萬立","まんりつ","萬立（まんりつ）"
"松平","まつだいら","松平（まつだいら）"
"吉村","よしむら","吉村（よしむら）"
"西村","にしむら","西村（にしむら）"
"上田","うえだ","上田（うえだ）"
"浅田","あさだ","浅田（あさだ）"
"佐藤","さとう","佐藤（さとう）"
"宮本","みやもと","宮本（みやもと）"
"沢田","さわだ","沢田（さわだ）"
"山田","やまだ","山田（やまだ）"
"田中（和）","たなか（わ）","田中（和）（たなか（わ））"
"板倉","いたくら","板倉（いたくら）"
"品田","しなだ","品田（しなだ）"
"小林","こばやし","小林（こばやし）"
"高山","こうざん","高山（こうざん）"
"名取","なとり","名取（なとり）"
"浅川","あさかわ","浅川（あさかわ）"
"宮崎","みやざき","宮崎（みやざき）"
"宮野","みやの","宮野（みやの）"
"国府田","こうだ","国府田（こうだ）"
"西村修","にしむらおさむ","西村修（にしむらおさむ）"
"佐藤ごういち","さとうごういち","佐藤ごういち（さとうごういち）"
"山田ひろこ","やまだひろこ","山田ひろこ（やまだひろこ）"
"品田ひでこ","しなだひでこ","品田ひでこ（しなだひでこ）"
"海老澤敬子","えびさわたかこ","海老澤敬子（えびさわたかこ）"
"金子","かねこ","金子（かねこ）"
"市村","いちむら","市村（いちむら）"
"海老澤","えびさわ","海老澤（えびさわ）"
"岡崎","おかざき","岡崎（おかざき）"
"田中（としかね）","たなか（としかね）","田中（としかね）（たなか（としかね））"
"たかはま","たかはま","たかはま（たかはま）"
"松下","まつした","松下（まつした）"
"板倉美千代","いたくらみちよ","板倉美千代（いたくらみちよ）"
"のぐちけんたろう","のぐちけんたろう","のぐちけんたろう（のぐちけんたろう）"
"田中香澄","たなかかすみ","田中香澄（たなかかすみ）"
"浅田保雄","あさだやすお","浅田保雄（あさだやすお）"
"松平雄一郎","まつだいらゆういちろう","松平雄一郎（まつだいらゆういちろう）"
"宮崎こうき","みやざきこうき","宮崎こうき（みやざきこうき）"
"萬立幹夫","まんりつみきお","萬立幹夫（まんりつみきお）"
"浅川のぼる","あさかわのぼる","浅川のぼる（あさかわのぼる）"
"金子てるよし","かねこてるよし","金子てるよし（かねこてるよし）"
"白石英行","しろいしひでゆき","白石英行（しろいしひでゆき）"
"小林れい子","こばやしれいこ","小林れい子（こばやしれいこ）"
"松下純子","まつしたじゅんこ","松下純子（まつしたじゅんこ）"
"関川けさ子","せきがわけさこ","関川けさ子（せきがわけさこ）"
"国府田久美子","こうだくみこ","国府田久美子（こうだくみこ）"
"沢田けいじ","さわだけいじ","沢田けいじ（さわだけいじ）"
"松丸昌史","まつまるまさし","松丸昌史（まつまるまさし）"
"吉村美紀","よしむらみき","吉村美紀（よしむらみき）"
"たかはまなおき","たかはまなおき","たかはまなおき（たかはまなおき）"
"名取顕一","なとりけんいち","名取顕一（なとりけんいち）"
"田中和子","たなかかずこ","田中和子（たなかかずこ）"
"海津敦子","かいづあつこ","海津敦子（かいづあつこ）"
"高山泰三","こうざんたいぞう","高山泰三（こうざんたいぞう）"
"市村やすとし","いちむらやすとし","市村やすとし（いちむらやすとし）"
"岡崎義顕","おかざきよしあき","岡崎義顕（おかざきよしあき）"
"宮野ゆみこ","みやのゆみこ","宮野ゆみこ（みやのゆみこ）"
"上田ゆきこ","うえだゆきこ","上田ゆきこ（うえだゆきこ）"
"田中としかね","たなかとしかね","田中としかね（たなかとしかね）"
"宮本伸一","みやもとしんいち","宮本伸一（みやもとしんいち）"
"田中","たなか","田中（たなか）"
"山本一仁","やまもとかずひと","山本一仁（やまもとかずひと）"
"藤原美佐子","ふじわらみさこ","藤原美佐子（ふじわらみさこ）"
"渡辺智子","わたなべともこ","渡辺智子（わたなべともこ）"
"若井宣一","わかいせんいち","若井宣一（わかいせんいち）"
"宮崎文雄","みやざきふみお","宮崎文雄（みやざきふみお）"
"渡辺雅史","わたなべまさし","渡辺雅史（わたなべまさし）"
"島元雅夫","しまもとまさお","島元雅夫（しまもとまさお）"
"渡辺（智）","わたなべ（さとる）","渡辺（智）（わたなべ（さとる））"
"若井","わかい","若井（わかい）"
"橋本","はしもと","橋本（はしもと）"
"島元","しまもと","島元（しまもと）"
"渡辺（雅）","わたなべ（まさ）","渡辺（雅）（わたなべ（まさ））"
"前田くにひろ","まえだくにひろ","前田くにひろ（まえだくにひろ）"
"森","もり","森（もり）"
"藤原","ふじわら","藤原（ふじわら）"
"前田","まえだ","前田（まえだ）"
"森守","もりしゅ","森守（もりしゅ）"
"田中（と）","たなか（と）","田中（と）（たなか（と））"
"橋本直和","はしもとちょくわ","橋本直和（はしもとちょくわ）"
"渡辺","わたなべ","渡辺（わたなべ）"
"福手裕子","ふくてゆうこ","福手裕子（ふくてゆうこ）"
"福手","ふくて","福手（ふくて）"
